full_name,code,email,cidade,estado
Femininos Oliveira Antunes,1,femininos.oliveira.antunes@icloud.com,Aratu,BA
Fernanda Azevedo Soares Nunes Vieira,2,nunes.fernanda.soares.azevedo.vieira@outlook.com,Recife,PE
Daniel Farias Ribeiro Teixeira,3,farias.teixeira.daniel.ribeiro@gmail.com,Rio Grande,RS
Thiago Moreira,4,thiago.moreira@gmail.com,Rio Branco,AC
Pedro Freitas,5,pedro.freitas@icloud.com,Santarém Novo,PA
Antônia Coelho Pinheiro Peixoto Cavalcanti,6,coelho.pinheiro.peixoto.antônia.cavalcanti@aol.com,Fortaleza Do Tabocão,TO
Bianca Barros Rocha Torres Siqueira,7,torres.barros.rocha.bianca.siqueira@aol.com,Cabedelo,PB
Luiz Alves Pimentel,8,pimentel.alves.luiz@outlook.com,Aracaju,SE
Lucas Guedes Cunha Lopes,9,lucas.lopes.guedes.cunha@tutanota.com,João Pessoa,PB
Débora Paiva,10,paiva.débora@gmx.com,Santarém,PA
Victor Torres Monteiro,11,torres.monteiro.victor@gmail.com,Porto Seguro,BA
Rafael Pereira Barros,12,rafael.pereira.barros@zoho.com,Fortaleza Do Tabocão,TO
Carlos Guimarães Martins,13,martins.guimarães.carlos@hotmail.com,Santarém,PA
Gabriela Silva Vieira Amaral,14,vieira.silva.amaral.gabriela@icloud.com,Itacoatiara,AM
Carla Lopes Alves Pacheco Rocha,15,lopes.alves.pacheco.rocha.carla@yahoo.com,Fortaleza Do Tabocão,TO
Renata Pacheco Cardoso,16,renata.pacheco.cardoso@zoho.com,Fortaleza,CE
Luís Paiva Costa Cardoso Coelho,17,costa.paiva.luís.coelho.cardoso@aol.com,Corumbá,MS
Adriana Guedes Borges Alves Rocha,18,rocha.adriana.guedes.borges.alves@protonmail.com,Santarém,PA
Renata Lima Gomes Coelho Mendonça,19,renata.lima.mendonça.coelho.gomes@icloud.com,Maceió,AL
Bruno Silva,20,silva.bruno@zoho.com,Santarém Novo,PA
Sandra Rocha Oliveira Soares Peixoto,21,peixoto.soares.rocha.oliveira.sandra@yahoo.com,Rio Branco,AC
Daniela Borges Vieira Farias Mendonça,22,borges.vieira.daniela.mendonça.farias@protonmail.com,Aracaju,SE
Bruna Mendonça Rodrigues,23,rodrigues.mendonça.bruna@aol.com,Santos,SP
Carla Peixoto Azevedo Silva Araújo,24,peixoto.carla.araújo.silva.azevedo@outlook.com,Laguna,SC
Femininos Antunes Lopes Ribeiro Amaral,25,femininos.antunes.amaral.lopes.ribeiro@icloud.com,São Mateus,ES
Luiz Borges Gomes Araújo,26,gomes.araújo.borges.luiz@hotmail.com,Manaus,AM
Flávia Nunes Martins Ribeiro Coelho,27,nunes.flávia.coelho.martins.ribeiro@protonmail.com,Salvador,BA
Bianca Rodrigues,28,rodrigues.bianca@icloud.com,Antonina,PR
Gabriela Moraes Macedo Nunes,29,moraes.nunes.gabriela.macedo@icloud.com,Fortaleza,CE
Victor Araújo Azevedo Tavares Correia,30,araújo.tavares.azevedo.victor.correia@gmail.com,Itacoatiara,AM
Jéssica Figueiredo Leite Martins,31,jéssica.martins.leite.figueiredo@tutanota.com,São Luís,MA
Daniela Teixeira Antunes Coelho Batista,32,antunes.coelho.batista.teixeira.daniela@hotmail.com,Porto Seguro,BA
Diego Costa Guedes Cunha,33,guedes.cunha.costa.diego@outlook.com,Rio Grande,RS
Victor Vieira Nunes Cunha,34,nunes.cunha.victor.vieira@protonmail.com,Fortaleza,CE
Priscila Martins,35,martins.priscila@tutanota.com,João Pessoa,PB
Francisca Ribeiro Pinheiro,36,ribeiro.francisca.pinheiro@aol.com,Belém,PA
Jéssica Pimentel Borges Nunes Teixeira,37,nunes.borges.teixeira.pimentel.jéssica@yahoo.com,Itaqui,MA
Mateus Antunes,38,mateus.antunes@gmail.com,Fortaleza Do Tabocão,TO
Renata Oliveira Siqueira,39,oliveira.renata.siqueira@aol.com,Suape,PE
Lucas Pacheco,40,pacheco.lucas@aol.com,Corumbá,MS
Pedro Ribeiro Costa Santos Correia,41,costa.correia.ribeiro.santos.pedro@yahoo.com,Aratu,BA
Márcia Figueiredo,42,márcia.figueiredo@protonmail.com,Vila Do Conde,PA
Jéssica Farias Cunha,43,farias.jéssica.cunha@outlook.com,Itaqui,MA
Rafael Paiva Vieira,44,rafael.vieira.paiva@icloud.com,Paranaguá,PR
Amanda Santos Figueiredo Rodrigues Siqueira,45,figueiredo.siqueira.rodrigues.amanda.santos@tutanota.com,Santarém,PA
Ana Silva Costa Farias Coelho,46,costa.farias.coelho.ana.silva@hotmail.com,Macapá,AP
Gabriela Barros Lacerda,47,lacerda.gabriela.barros@tutanota.com,Niterói,RJ
Letícia Torres Peixoto Oliveira,48,torres.oliveira.peixoto.letícia@yahoo.com,Suape,PE
Diego Costa Tavares Antunes,49,costa.tavares.antunes.diego@icloud.com,Aracaju,SE
